key,ko,en,zh
UT_RELOAD_SCENE,현재 장면 다시 로드,Reload Scene,重新加载当前场景
UT_DEBUG_MODE,디버그 모드,Debug Mode,调试模式
UT_EXITING,종료중,Exiting,退出中
UT_WARN_NODE_LOSS,경고: 노드가 손실될 수 있습니다!,Warning: Nodes may be lost!,警告：节点可能丢失！
UT_CONTINUE_CONFIRM,계속하시겠습니까?,Are you sure?,要继续吗？
UT_UI_ITEM,아이템,ITEM,道具
UT_UI_STAT,스텟,STAT,能力值
UT_UI_CALL,전화,CELL,电话
UT_UI_USE,사용,Use,使用
UT_UI_INFO,정보,Info,信息
UT_UI_DROP,버리기,Drop,丢弃
UT_UI_WEAPON,무기,weapon,武器
UT_UI_ARMOR,갑옷,armor,防具
UT_CONTINUOUS,계속하기,continue,继续
UT_RESET,리셋,reset,重置
UT_NAME_FALLEN_HUMAN,떨어진 인간의 이름 ?,Name the fallen human.,为坠落的人类取名
UT_EXIT,나가기,Exit,退出
UT_DELETE,지우기,Delete,删除
UT_CONFIRM,결정,Confirm,确定
UT_YES,네,YES,是
UT_NO,아니요,NO,否
UT_SPARE,* 자비,* Spare,* 仁慈
UT_FLEE,* 도망,* Flee,* 逃跑
UT_SAVE,저장,Save,保存
UT_RETURN,돌아가기,Return,返回
UT_NOBODY_CAME,* 그러나 아무도 오지 않았다.,* But nobody came.,* 但是没有人来。
UT_LOVE_INCREASED,* 당신의 LOVE가 올라갔다.,* Your LOVE increased.,* 你的 LOVE 提升了。
UT_VICTORY,"* 당신의 승리!
* 당신은 %s XP 와 %s Gold 를 얻었다","* You WON!
* You earned %s XP and %s Gold.","* 你胜利了！
* 你获得了 %s XP 和 %s 金币。"
UT_MERCY,* 당신은 자비를 배풀었다,* You spared.,* 你施以了仁慈。
UT_ESCAPED,* 당신은 도망쳤다,* You escaped.,* 你逃跑了。
UT_CANNOT_ESCAPE,* 당신은 도망치지 못했습니다.,* You couldn't escape.,* 你无法逃脱。
UT_BUY,구매,Buy,购买
UT_SELL,팔기,Sell,出售
UT_TALK,대화,Talk,对话
UT_FILE_SAVED,파일 저장됨.,File saved.,文件已保存。
UT_SETTING_SHAKE,카메라 흔들림,Camera Shake,镜头抖动
UT_SETTING_BORDER,테두리,Border,边框
UT_SETTING_MASTER,메인,Master,主音量
UT_SETTING_SFX,효과음,SFX,音效
UT_SETTING_BGM,배경음악,BGM,背景音乐
UT_SETTING_DEBUG,--디버그--,--DEBUG--,--调试--
UT_SETTING_PROOCESS,게임 프레임 가속,Accelerate game frames,加速游戏帧
UT_SETTING_MUTE,잠시 음소거,Temporarily muted,暂时静音
UT_SETTING_EDIT,.tscn 또는 Encounter의 리소스 경로,Resource path for .tscn or Encounter,.tscn 或 Encounter 的资源路径
UT_DEFAULT_DIDE,Z 키를 눌러 로드합니다,Press the Z key to load,按 Z 键加载
UT_SAVING_GAME,게임이 강제로 저장되었습니다,The game has been force saved,游戏已强制保存
UT_HP_FULL,* 당신의 체력은 가득찼다,* Your HP was maxed up,* 你的生命值已满
UT_HP_HEAL,* 당신은 체력을 %d 회복했다,* You gained %d HP,* 你恢复了 %d 点生命值
UT_DEF_UP,* 당신의 방어력이 +%d 올라갔다,* Your DEF increased by +%d,* 你的防御力提升了 +%d
UT_ATK_UP,* 당신의 공격력이 +%d 올라갔다,* Your ATK increased by +%d,* 你的攻击力提升了 +%d
UT_USE_BOX,* 박스를 사용하시겠습니까?,* Use the box?,* 要使用箱子吗？
UT_FRAMES,게임 프레임,Game Frames,游戏帧
UT_GAME_PAUSED,게임이 일시정지되었습니다,Game has been paused,游戏已暂停
UT_GAME_RESUMED,게임이 재개되었습니다,Game has been resumed,游戏已恢复
UT_CANT_HERE,"res://Core, res://Engine, root 디렉토리는 불가능합니다",The res://Core and res://Engine and root directory paths are not allowed.,res://Core、res://Engine 和根目录路径不允许使用
UT_RES_LOAD_FAIL,해당 경로에 리소스가 없습니다.,There are no resources in this path.,该路径下没有资源。
UT_RES_SCENE_FAIL,해당 경로의 리소스는 씬이나 인카운터가 아닙니다.,The resource at this path is not a scene or an encounter.,该路径下的资源不是场景或遭遇战。
